Algeria,Africa
Angola,Africa
Benin,Africa
Botswana,Africa
Burkina Faso,Africa
Burundi,Africa
Cameroon,Africa
Cabo Verde,Africa
Central African Republic,Africa
Chad,Africa
Comoros,Africa
Congo (Brazzaville),Africa
Congo (Kinshasa),Africa
Cote d'Ivoire,Africa
Djibouti,Africa
Egypt,Africa
Equatorial Guinea,Africa
Eritrea,Africa
Ethiopia,Africa
Gabon,Africa
Gambia,Africa
Ghana,Africa
Guinea,Africa
Guinea-Bissau,Africa
Kenya,Africa
Lesotho,Africa
Liberia,Africa
Libya,Africa
Madagascar,Africa
Malawi,Africa
Mali,Africa
Mauritania,Africa
Mauritius,Africa
Morocco,Africa
Mozambique,Africa
Namibia,Africa
Niger,Africa
Nigeria,Africa
Rwanda,Africa
São Tomé and Príncipe,Africa
Senegal,Africa
Seychelles,Africa
Sierra Leone,Africa
Somalia,Africa
South Africa,Africa
South Sudan,Africa
Sudan,Africa
Eswatini,Africa
Tanzania,Africa
Togo,Africa
Tunisia,Africa
Uganda,Africa
Western Sahara,Africa
Zambia,Africa
Zimbabwe,Africa
Afghanistan,Asia
Armenia,Asia
Azerbaijan,Asia
Bahrain,Asia
Bangladesh,Asia
Bhutan,Asia
Brunei,Asia
Cambodia,Asia
China,Asia
Cyprus,Asia
Timor-Leste,Asia
Georgia,Asia
India,Asia
Indonesia,Asia
Iran,Asia
Iraq,Asia
Israel,Asia
Japan,Asia
Jordan,Asia
Kazakhstan,Asia
Kuwait,Asia
Kyrgyzstan,Asia
Laos,Asia
Lebanon,Asia
Malaysia,Asia
Maldives,Asia
Mongolia,Asia
Burma,Asia
Nepal,Asia
North Korea,Asia
Oman,Asia
West Bank and Gaza,Asia
Pakistan,Asia
Philippines,Asia
Qatar,Asia
Saudi Arabia,Asia
Singapore,Asia
Korea South,Asia
Sri Lanka,Asia
Syria,Asia
Tajikistan,Asia
Thailand,Asia
Turkey,Asia
Turkmenistan,Asia
Taiwan,Asia
United Arab Emirates,Asia
Uzbekistan,Asia
Vietnam,Asia
Yemen,Asia
Albania,Europe
Andorra,Europe
Austria,Europe
Belarus,Europe
Belgium,Europe
Bosnia and Herzegovina,Europe
Bulgaria,Europe
Croatia,Europe
Czechia,Europe
Denmark,Europe
Estonia,Europe
Finland,Europe
France,Europe
Germany,Europe
Greece,Europe
Hungary,Europe
Iceland,Europe
Ireland,Europe
Italy,Europe
Kosovo,Europe
Latvia,Europe
Liechtenstein,Europe
Lithuania,Europe
Luxembourg,Europe
North Macedonia,Europe
Malta,Europe
Moldova,Europe
Monaco,Europe
Montenegro,Europe
Netherlands,Europe
Norway,Europe
Poland,Europe
Portugal,Europe
Romania,Europe
Russia,Europe
San Marino,Europe
Serbia,Europe
Slovakia,Europe
Slovenia,Europe
Spain,Europe
Sweden,Europe
Switzerland,Europe
Ukraine,Europe
United Kingdom,Europe
Holy See,Europe
Antigua and Barbuda,Namerica
Anguilla,Namerica
Aruba,Namerica
Bahamas,Namerica
Barbados,Namerica
Belize,Namerica
Bermuda,Namerica
Bonaire,Namerica
British Virgin Islands,Namerica
Canada,Namerica
Cayman Islands,Namerica
Clipperton Island,Namerica
Costa Rica,Namerica
Cuba,Namerica
Curaçao,Namerica
Dominica,Namerica
Dominican Republic,Namerica
El Salvador,Namerica
Greenland,Namerica
Grenada,Namerica
Guadeloupe,Namerica
Guatemala,Namerica
Haiti,Namerica
Honduras,Namerica
Jamaica,Namerica
Martinique,Namerica
Mexico,Namerica
Montserrat,Namerica
Navassa Island,Namerica
Nicaragua,Namerica
Panama,Namerica
Puerto Rico,Namerica
Saba,Namerica
Saint Barthelemy,Namerica
Saint Kitts and Nevis,Namerica
Saint Lucia,Namerica
Saint Martin,Namerica
Saint Pierre and Miquelon,Namerica
Saint Vincent and the Grenadines,Namerica
Sint Eustatius,Namerica
Sint Maarten,Namerica
Trinidad and Tobago,Namerica
Turks and Caicos,Namerica
US,Namerica
US Virgin Islands,Namerica
Argentina,Samerica
Bolivia,Samerica
Brazil,Samerica
Chile,Samerica
Colombia,Samerica
Ecuador,Samerica
Falkland Islands,Samerica
French Guiana,Samerica
Guyana,Samerica
Paraguay,Samerica
Peru,Samerica
South Georgia and the South Sandwich Islands,Samerica
Suriname,Samerica
Uruguay,Samerica
Venezuela,Samerica
Australia,Oceania
Federated States of Micronesia,Oceania
Fiji,Oceania
Kiribati,Oceania
Marshall Islands,Oceania
Nauru,Oceania
New Zealand,Oceania
Palau,Oceania
Papua New Guinea,Oceania
Samoa,Oceania
Solomon Islands,Oceania
Tonga,Oceania
Tuvalu,Oceania
Vanuatu,Oceania
Flores,Oceania
Lombok,Oceania
Melanesia,Oceania
New Caledonia,Oceania
New Guinea,Oceania
Sulawesi,Oceania
Sumbawa,Oceania
Timor,Oceania
